-- Partner Metrics App — Seed Data
-- Creates a demo household with two users and sample data
-- NOTE: In production, users are created via auth.users trigger.
-- This seed is for local development with Supabase CLI.

-- Demo user IDs (these would match auth.users IDs in a real setup)
-- User A: 00000000-0000-0000-0000-000000000001
-- User B: 00000000-0000-0000-0000-000000000002

-- ─── Profiles ───
insert into public.profiles (id, display_name) values
  ('00000000-0000-0000-0000-000000000001', 'Alex'),
  ('00000000-0000-0000-0000-000000000002', 'Jordan')
on conflict (id) do nothing;

-- ─── Household ───
insert into public.households (id, name, created_by) values
  ('10000000-0000-0000-0000-000000000001', 'Our Home', '00000000-0000-0000-0000-000000000001')
on conflict (id) do nothing;

-- ─── Household Members ───
insert into public.household_members (household_id, user_id, role) values
  ('10000000-0000-0000-0000-000000000001', '00000000-0000-0000-0000-000000000001', 'owner'),
  ('10000000-0000-0000-0000-000000000001', '00000000-0000-0000-0000-000000000002', 'member')
on conflict (household_id, user_id) do nothing;

-- ─── Shared Metric Definitions ───
insert into public.metric_definitions (id, household_id, name, scope, owner_user_id, input_type, unit, target_value, target_operator, icon, sort_order, created_by) values
  ('20000000-0000-0000-0000-000000000001', '10000000-0000-0000-0000-000000000001', 'Hydration', 'shared', null, 'amount_decimal', 'litres', 2.0, 'gte', 'droplets', 10, '00000000-0000-0000-0000-000000000001'),
  ('20000000-0000-0000-0000-000000000002', '10000000-0000-0000-0000-000000000001', 'Exercise', 'shared', null, 'duration_minutes', 'min', 20, 'gte', 'dumbbell', 20, '00000000-0000-0000-0000-000000000001'),
  ('20000000-0000-0000-0000-000000000003', '10000000-0000-0000-0000-000000000001', 'Sleep', 'shared', null, 'amount_decimal', 'hours', 7, 'gte', 'moon', 30, '00000000-0000-0000-0000-000000000001')
on conflict (id) do nothing;

-- ─── User A Personal Metrics ───
insert into public.metric_definitions (id, household_id, name, scope, owner_user_id, input_type, unit, target_value, target_operator, icon, sort_order, created_by) values
  ('20000000-0000-0000-0000-000000000004', '10000000-0000-0000-0000-000000000001', 'Jobs Applied', 'personal', '00000000-0000-0000-0000-000000000001', 'count', null, 1, 'gte', 'briefcase', 40, '00000000-0000-0000-0000-000000000001'),
  ('20000000-0000-0000-0000-000000000005', '10000000-0000-0000-0000-000000000001', 'Opportunities Reviewed', 'personal', '00000000-0000-0000-0000-000000000001', 'count', null, 3, 'gte', 'search', 50, '00000000-0000-0000-0000-000000000001'),
  ('20000000-0000-0000-0000-000000000006', '10000000-0000-0000-0000-000000000001', 'Follow-ups Sent', 'personal', '00000000-0000-0000-0000-000000000001', 'count', null, 1, 'gte', 'send', 60, '00000000-0000-0000-0000-000000000001')
on conflict (id) do nothing;

-- ─── User B Personal Metrics ───
insert into public.metric_definitions (id, household_id, name, scope, owner_user_id, input_type, unit, target_value, target_operator, icon, sort_order, created_by) values
  ('20000000-0000-0000-0000-000000000007', '10000000-0000-0000-0000-000000000001', 'Mood', 'personal', '00000000-0000-0000-0000-000000000002', 'rating_1_to_5', null, null, null, 'smile', 40, '00000000-0000-0000-0000-000000000002'),
  ('20000000-0000-0000-0000-000000000008', '10000000-0000-0000-0000-000000000001', 'Steps', 'personal', '00000000-0000-0000-0000-000000000002', 'count', null, 6000, 'gte', 'footprints', 50, '00000000-0000-0000-0000-000000000002'),
  ('20000000-0000-0000-0000-000000000009', '10000000-0000-0000-0000-000000000001', 'Admin Tasks', 'personal', '00000000-0000-0000-0000-000000000002', 'count', null, null, null, 'clipboard-check', 60, '00000000-0000-0000-0000-000000000002')
on conflict (id) do nothing;

-- ─── Sample Daily Entries (last 7 days for both users) ───
-- Using current_date for relative dates

-- User A shared metrics
insert into public.daily_entries (household_id, metric_definition_id, user_id, entry_date, value_number) values
  ('10000000-0000-0000-0000-000000000001', '20000000-0000-0000-0000-000000000001', '00000000-0000-0000-0000-000000000001', current_date - interval '6 days', 1.5),
  ('10000000-0000-0000-0000-000000000001', '20000000-0000-0000-0000-000000000001', '00000000-0000-0000-0000-000000000001', current_date - interval '5 days', 2.0),
  ('10000000-0000-0000-0000-000000000001', '20000000-0000-0000-0000-000000000001', '00000000-0000-0000-0000-000000000001', current_date - interval '4 days', 1.8),
  ('10000000-0000-0000-0000-000000000001', '20000000-0000-0000-0000-000000000001', '00000000-0000-0000-0000-000000000001', current_date - interval '3 days', 2.2),
  ('10000000-0000-0000-0000-000000000001', '20000000-0000-0000-0000-000000000001', '00000000-0000-0000-0000-000000000001', current_date - interval '1 day', 2.5),
  ('10000000-0000-0000-0000-000000000001', '20000000-0000-0000-0000-000000000002', '00000000-0000-0000-0000-000000000001', current_date - interval '6 days', 30),
  ('10000000-0000-0000-0000-000000000001', '20000000-0000-0000-0000-000000000002', '00000000-0000-0000-0000-000000000001', current_date - interval '4 days', 45),
  ('10000000-0000-0000-0000-000000000001', '20000000-0000-0000-0000-000000000002', '00000000-0000-0000-0000-000000000001', current_date - interval '2 days', 20),
  ('10000000-0000-0000-0000-000000000001', '20000000-0000-0000-0000-000000000003', '00000000-0000-0000-0000-000000000001', current_date - interval '6 days', 7.5),
  ('10000000-0000-0000-0000-000000000001', '20000000-0000-0000-0000-000000000003', '00000000-0000-0000-0000-000000000001', current_date - interval '5 days', 6.5),
  ('10000000-0000-0000-0000-000000000001', '20000000-0000-0000-0000-000000000003', '00000000-0000-0000-0000-000000000001', current_date - interval '4 days', 8.0),
  ('10000000-0000-0000-0000-000000000001', '20000000-0000-0000-0000-000000000003', '00000000-0000-0000-0000-000000000001', current_date - interval '3 days', 7.0),
  ('10000000-0000-0000-0000-000000000001', '20000000-0000-0000-0000-000000000003', '00000000-0000-0000-0000-000000000001', current_date - interval '1 day', 7.5);

-- User A personal metrics
insert into public.daily_entries (household_id, metric_definition_id, user_id, entry_date, value_number) values
  ('10000000-0000-0000-0000-000000000001', '20000000-0000-0000-0000-000000000004', '00000000-0000-0000-0000-000000000001', current_date - interval '6 days', 2),
  ('10000000-0000-0000-0000-000000000001', '20000000-0000-0000-0000-000000000004', '00000000-0000-0000-0000-000000000001', current_date - interval '5 days', 1),
  ('10000000-0000-0000-0000-000000000001', '20000000-0000-0000-0000-000000000004', '00000000-0000-0000-0000-000000000001', current_date - interval '3 days', 3),
  ('10000000-0000-0000-0000-000000000001', '20000000-0000-0000-0000-000000000005', '00000000-0000-0000-0000-000000000001', current_date - interval '6 days', 5),
  ('10000000-0000-0000-0000-000000000001', '20000000-0000-0000-0000-000000000005', '00000000-0000-0000-0000-000000000001', current_date - interval '4 days', 4),
  ('10000000-0000-0000-0000-000000000001', '20000000-0000-0000-0000-000000000006', '00000000-0000-0000-0000-000000000001', current_date - interval '5 days', 2),
  ('10000000-0000-0000-0000-000000000001', '20000000-0000-0000-0000-000000000006', '00000000-0000-0000-0000-000000000001', current_date - interval '3 days', 1);

-- User B shared metrics
insert into public.daily_entries (household_id, metric_definition_id, user_id, entry_date, value_number) values
  ('10000000-0000-0000-0000-000000000001', '20000000-0000-0000-0000-000000000001', '00000000-0000-0000-0000-000000000002', current_date - interval '6 days', 2.0),
  ('10000000-0000-0000-0000-000000000001', '20000000-0000-0000-0000-000000000001', '00000000-0000-0000-0000-000000000002', current_date - interval '5 days', 1.8),
  ('10000000-0000-0000-0000-000000000001', '20000000-0000-0000-0000-000000000001', '00000000-0000-0000-0000-000000000002', current_date - interval '3 days', 2.5),
  ('10000000-0000-0000-0000-000000000001', '20000000-0000-0000-0000-000000000001', '00000000-0000-0000-0000-000000000002', current_date - interval '1 day', 2.0),
  ('10000000-0000-0000-0000-000000000001', '20000000-0000-0000-0000-000000000002', '00000000-0000-0000-0000-000000000002', current_date - interval '5 days', 40),
  ('10000000-0000-0000-0000-000000000001', '20000000-0000-0000-0000-000000000002', '00000000-0000-0000-0000-000000000002', current_date - interval '3 days', 25),
  ('10000000-0000-0000-0000-000000000001', '20000000-0000-0000-0000-000000000002', '00000000-0000-0000-0000-000000000002', current_date - interval '1 day', 15),
  ('10000000-0000-0000-0000-000000000001', '20000000-0000-0000-0000-000000000003', '00000000-0000-0000-0000-000000000002', current_date - interval '6 days', 8.0),
  ('10000000-0000-0000-0000-000000000001', '20000000-0000-0000-0000-000000000003', '00000000-0000-0000-0000-000000000002', current_date - interval '4 days', 7.0),
  ('10000000-0000-0000-0000-000000000001', '20000000-0000-0000-0000-000000000003', '00000000-0000-0000-0000-000000000002', current_date - interval '2 days', 6.5);

-- User B personal metrics
insert into public.daily_entries (household_id, metric_definition_id, user_id, entry_date, value_number) values
  ('10000000-0000-0000-0000-000000000001', '20000000-0000-0000-0000-000000000007', '00000000-0000-0000-0000-000000000002', current_date - interval '6 days', 4),
  ('10000000-0000-0000-0000-000000000001', '20000000-0000-0000-0000-000000000007', '00000000-0000-0000-0000-000000000002', current_date - interval '5 days', 3),
  ('10000000-0000-0000-0000-000000000001', '20000000-0000-0000-0000-000000000007', '00000000-0000-0000-0000-000000000002', current_date - interval '3 days', 5),
  ('10000000-0000-0000-0000-000000000001', '20000000-0000-0000-0000-000000000007', '00000000-0000-0000-0000-000000000002', current_date - interval '1 day', 4),
  ('10000000-0000-0000-0000-000000000001', '20000000-0000-0000-0000-000000000008', '00000000-0000-0000-0000-000000000002', current_date - interval '6 days', 8200),
  ('10000000-0000-0000-0000-000000000001', '20000000-0000-0000-0000-000000000008', '00000000-0000-0000-0000-000000000002', current_date - interval '4 days', 5400),
  ('10000000-0000-0000-0000-000000000001', '20000000-0000-0000-0000-000000000008', '00000000-0000-0000-0000-000000000002', current_date - interval '2 days', 7100),
  ('10000000-0000-0000-0000-000000000001', '20000000-0000-0000-0000-000000000009', '00000000-0000-0000-0000-000000000002', current_date - interval '5 days', 3),
  ('10000000-0000-0000-0000-000000000001', '20000000-0000-0000-0000-000000000009', '00000000-0000-0000-0000-000000000002', current_date - interval '3 days', 2);

-- ─── Sample Daily Notes ───
insert into public.daily_notes (household_id, user_id, entry_date, note) values
  ('10000000-0000-0000-0000-000000000001', '00000000-0000-0000-0000-000000000001', current_date - interval '5 days', 'Good workout today, feeling motivated'),
  ('10000000-0000-0000-0000-000000000001', '00000000-0000-0000-0000-000000000001', current_date - interval '3 days', 'Productive day with applications'),
  ('10000000-0000-0000-0000-000000000001', '00000000-0000-0000-0000-000000000002', current_date - interval '6 days', 'Long walk in the park'),
  ('10000000-0000-0000-0000-000000000001', '00000000-0000-0000-0000-000000000002', current_date - interval '3 days', 'Great energy today!');
